scenario_id,replication_id,policy_id,incident_id,violation_type,candidate_id
peak,R002,B6,PE_R002_I006,response_sla,PE_R002_I006__A08__H003
peak,R002,B6,PE_R002_I009,response_sla,PE_R002_I009__A01__H006
peak,R002,B6,PE_R002_I029,response_sla,PE_R002_I029__A07__H004
peak,R002,B6,PE_R002_I038,response_sla,PE_R002_I038__A03__H001
peak,R002,B6,PE_R002_I050,response_sla,PE_R002_I050__A07__H006
peak,R002,B6,PE_R002_I052,response_sla,PE_R002_I052__A01__H003
peak,R002,B6,PE_R002_I057,response_sla,PE_R002_I057__A06__H005
peak,R002,B6,PE_R002_I058,response_sla,PE_R002_I058__A08__H006
peak,R002,B6,PE_R002_I062,response_sla,PE_R002_I062__A02__H001
peak,R002,B6,PE_R002_I064,response_sla,PE_R002_I064__A10__H003
peak,R002,B6,PE_R002_I079,response_sla,PE_R002_I079__A09__H001
peak,R002,B6,PE_R002_I081,response_sla,PE_R002_I081__A02__H006
peak,R002,B6,PE_R002_I096,response_sla,PE_R002_I096__A04__H001
