scenario_id,policy_id,metric,n_replications,mean,std,median,min,max
high_demand,B0,served_rate,3,0.98,0.010000000000000009,0.98,0.97,0.99
high_demand,B0,feasible_rate_overall,3,0.25666666666666665,0.020816659994661344,0.25,0.24,0.28
high_demand,B0,SLA_pass_rate,3,0.9,0.04582575694955838,0.89,0.86,0.95
high_demand,B0,avg_response_time_min,3,6.061427905372721,0.3788412857777114,6.065143576304595,5.6807424505970845,6.438397689216482
high_demand,B0,P95_response_P1,3,13.097696478377957,2.0304085062555965,12.203946031903174,11.667481851116795,15.4216615521139
high_demand,B0,time_to_compatible_hospital,3,28.512530796306397,0.8986863279006463,28.628293846291097,27.56157239715974,29.347726145468354
high_demand,B0,unserved_count,3,2.0,1.0,2.0,1.0,3.0
high_demand,B0,SOC_violation_count,3,0.0,0.0,0.0,0.0,0.0
high_demand,B0,hospital_capacity_violations,3,54.666666666666664,2.0816659994661326,54.0,53.0,57.0
high_demand,B0,hospital_capability_violations,3,44.333333333333336,4.163331998932266,43.0,41.0,49.0
high_demand,B0,avg_solver_time_sec,3,0.0,0.0,0.0,0.0,0.0
high_demand,B3,served_rate,3,0.8666666666666667,0.03214550253664321,0.88,0.83,0.89
high_demand,B3,feasible_rate_overall,3,0.8666666666666667,0.03214550253664321,0.88,0.83,0.89
high_demand,B3,SLA_pass_rate,3,0.7633333333333333,0.03214550253664321,0.75,0.74,0.8
high_demand,B3,avg_response_time_min,3,6.93307023730723,0.3184220272949541,6.855582606652834,6.660543530759476,7.283084574509378
high_demand,B3,P95_response_P1,3,14.467145932306579,0.34935147820222884,14.432177753101929,14.136593565263317,14.832666478554492
high_demand,B3,time_to_compatible_hospital,3,33.36892088050259,0.6180695717779687,33.533177923712536,32.685315249295975,33.88826946849926
high_demand,B3,unserved_count,3,13.333333333333334,3.214550253664318,12.0,11.0,17.0
high_demand,B3,SOC_violation_count,3,0.0,0.0,0.0,0.0,0.0
high_demand,B3,hospital_capacity_violations,3,0.0,0.0,0.0,0.0,0.0
high_demand,B3,hospital_capability_violations,3,0.0,0.0,0.0,0.0,0.0
high_demand,B3,avg_solver_time_sec,3,0.0,0.0,0.0,0.0,0.0
high_demand,B4,served_rate,3,0.8633333333333333,0.028867513459481315,0.88,0.83,0.88
high_demand,B4,feasible_rate_overall,3,0.8633333333333333,0.028867513459481315,0.88,0.83,0.88
high_demand,B4,SLA_pass_rate,3,0.7666666666666666,0.03785938897200186,0.75,0.74,0.81
high_demand,B4,avg_response_time_min,3,6.923001018949736,0.3761257737516448,6.754550521438246,6.660543530759476,7.353909004651484
high_demand,B4,P95_response_P1,3,14.471932191853519,0.3568803844086691,14.432177753101929,14.136593565263317,14.84702525719531
high_demand,B4,time_to_compatible_hospital,3,33.39072201556771,0.7273516246348887,33.533177923712536,32.60268158843489,34.03630653455572
high_demand,B4,unserved_count,3,13.666666666666666,2.8867513459481287,12.0,12.0,17.0
high_demand,B4,SOC_violation_count,3,0.0,0.0,0.0,0.0,0.0
high_demand,B4,hospital_capacity_violations,3,0.0,0.0,0.0,0.0,0.0
high_demand,B4,hospital_capability_violations,3,0.0,0.0,0.0,0.0,0.0
high_demand,B4,avg_solver_time_sec,3,0.0,0.0,0.0,0.0,0.0
high_demand,B6,served_rate,3,0.86,0.01732050807568879,0.85,0.85,0.88
high_demand,B6,feasible_rate_overall,3,0.86,0.01732050807568879,0.85,0.85,0.88
high_demand,B6,SLA_pass_rate,3,0.7433333333333333,0.01527525231651948,0.74,0.73,0.76
high_demand,B6,avg_response_time_min,3,7.277701769282534,0.3043016206491302,7.136059555303268,7.070040221975756,7.627005530568582
high_demand,B6,P95_response_P1,3,15.319021988459241,1.2486701710420376,14.942702557564214,14.301791741903468,16.71257166591004
high_demand,B6,time_to_compatible_hospital,3,32.80151608871284,0.44606554431763773,32.647467857854245,32.45289207862718,33.30418832965709
high_demand,B6,unserved_count,3,14.0,1.7320508075688772,15.0,12.0,15.0
high_demand,B6,SOC_violation_count,3,0.0,0.0,0.0,0.0,0.0
high_demand,B6,hospital_capacity_violations,3,0.0,0.0,0.0,0.0,0.0
high_demand,B6,hospital_capability_violations,3,0.0,0.0,0.0,0.0,0.0
high_demand,B6,avg_solver_time_sec,3,0.0014644463666661,2.4290775009390542e-05,0.0014760188400032,0.0014365332199963,0.0014807870399988
high_demand,B6,max_mip_gap,3,0.0,0.0,0.0,0.0,0.0
normal,B0,served_rate,3,0.9633333333333334,0.03785938897200179,0.98,0.92,0.99
normal,B0,feasible_rate_overall,3,0.4466666666666667,0.07023769168568493,0.44,0.38,0.52
normal,B0,SLA_pass_rate,3,0.9066666666666666,0.06806859285554047,0.93,0.83,0.96
normal,B0,avg_response_time_min,3,5.854588875590373,0.4937619049886015,5.814992211807124,5.381817520045895,6.366956894918101
normal,B0,P95_response_P1,3,14.149159983104513,2.3103548911946525,15.060498172122948,11.522123404221794,15.864858372968795
normal,B0,time_to_compatible_hospital,3,28.911641232573,0.6611704164454961,28.782867218703817,28.324331024846728,29.627725454168452
normal,B0,unserved_count,3,3.6666666666666665,3.785938897200183,2.0,1.0,8.0
normal,B0,SOC_violation_count,3,0.0,0.0,0.0,0.0,0.0
normal,B0,hospital_capacity_violations,3,14.0,4.0,14.0,10.0,18.0
normal,B0,hospital_capability_violations,3,46.333333333333336,4.725815626252609,48.0,41.0,50.0
normal,B0,avg_solver_time_sec,3,0.0,0.0,0.0,0.0,0.0
normal,B3,served_rate,3,0.96,0.020000000000000018,0.96,0.94,0.98
normal,B3,feasible_rate_overall,3,0.96,0.020000000000000018,0.96,0.94,0.98
normal,B3,SLA_pass_rate,3,0.9,0.052915026221291815,0.92,0.84,0.94
normal,B3,avg_response_time_min,3,6.2832062342515504,0.5550923373864695,6.20237756141568,5.7729595612808895,6.874281580058082
normal,B3,P95_response_P1,3,13.85638682563411,3.2080111321277016,15.642343662430012,10.152873928408024,15.773942886064296
normal,B3,time_to_compatible_hospital,3,30.312282052762935,0.8161569902983485,30.198112182097276,29.559221221404982,31.17951275478655
normal,B3,unserved_count,3,4.0,2.0,4.0,2.0,6.0
normal,B3,SOC_violation_count,3,0.0,0.0,0.0,0.0,0.0
normal,B3,hospital_capacity_violations,3,0.0,0.0,0.0,0.0,0.0
normal,B3,hospital_capability_violations,3,0.0,0.0,0.0,0.0,0.0
normal,B3,avg_solver_time_sec,3,0.0,0.0,0.0,0.0,0.0
normal,B4,served_rate,3,0.96,0.020000000000000018,0.96,0.94,0.98
normal,B4,feasible_rate_overall,3,0.96,0.020000000000000018,0.96,0.94,0.98
normal,B4,SLA_pass_rate,3,0.8966666666666666,0.058594652770823166,0.92,0.83,0.94
normal,B4,avg_response_time_min,3,6.383156888373427,0.7243362887006105,6.192869363541964,5.7729595612808895,7.183641740297426
normal,B4,P95_response_P1,3,13.572476073863683,3.0019983884531043,14.790611407118734,10.152873928408024,15.773942886064296
normal,B4,time_to_compatible_hospital,3,30.525261716386904,1.1712376653731893,30.18860398422356,29.559221221404982,31.82795994353216
normal,B4,unserved_count,3,4.0,2.0,4.0,2.0,6.0
normal,B4,SOC_violation_count,3,0.0,0.0,0.0,0.0,0.0
normal,B4,hospital_capacity_violations,3,0.0,0.0,0.0,0.0,0.0
normal,B4,hospital_capability_violations,3,0.0,0.0,0.0,0.0,0.0
normal,B4,avg_solver_time_sec,3,0.0,0.0,0.0,0.0,0.0
normal,B6,served_rate,3,0.9566666666666667,0.025166114784235794,0.96,0.93,0.98
normal,B6,feasible_rate_overall,3,0.9566666666666667,0.025166114784235794,0.96,0.93,0.98
normal,B6,SLA_pass_rate,3,0.8866666666666667,0.04932882862316252,0.91,0.83,0.92
normal,B6,avg_response_time_min,3,6.428061446003645,0.5614681014221229,6.638475329322667,5.791779248665129,6.853929760023139
normal,B6,P95_response_P1,3,14.898467301203063,1.0306402232166676,15.331019791211638,13.722038449967537,15.642343662430012
normal,B6,time_to_compatible_hospital,3,30.59926127189873,1.08999153466395,30.754008603927907,29.440166064515267,31.603609147253025
normal,B6,unserved_count,3,4.333333333333333,2.516611478423583,4.0,2.0,7.0
normal,B6,SOC_violation_count,3,0.0,0.0,0.0,0.0,0.0
normal,B6,hospital_capacity_violations,3,0.0,0.0,0.0,0.0,0.0
normal,B6,hospital_capability_violations,3,0.0,0.0,0.0,0.0,0.0
normal,B6,avg_solver_time_sec,3,0.0028334480699954995,0.002090658598501671,0.001632207069997,0.0016206137400001,0.0052475233999894
normal,B6,max_mip_gap,3,0.0,0.0,0.0,0.0,0.0
peak,B0,served_rate,3,0.9700000000000001,0.03464101615137751,0.99,0.93,0.99
peak,B0,feasible_rate_overall,3,0.36333333333333334,0.04041451884327381,0.37,0.32,0.4
peak,B0,SLA_pass_rate,3,0.8833333333333333,0.05773502691896256,0.85,0.85,0.95
peak,B0,avg_response_time_min,3,7.948511765650578,0.5167484696668594,7.729279381903122,7.57752224351297,8.538733671535644
peak,B0,P95_response_P1,3,13.239918200164226,2.446718826320068,13.23858666777943,10.793865411774757,15.687302520938491
peak,B0,time_to_compatible_hospital,3,32.45742345332206,2.919179971018064,32.557728031699625,29.489383923875284,35.32515840439127
peak,B0,unserved_count,3,3.0,3.4641016151377544,1.0,1.0,7.0
peak,B0,SOC_violation_count,3,0.0,0.0,0.0,0.0,0.0
peak,B0,hospital_capacity_violations,3,32.0,3.605551275463989,31.0,29.0,36.0
peak,B0,hospital_capability_violations,3,48.333333333333336,3.214550253664318,47.0,46.0,52.0
peak,B0,avg_solver_time_sec,3,0.0,0.0,0.0,0.0,0.0
peak,B3,served_rate,3,0.9266666666666667,0.028867513459481253,0.91,0.91,0.96
peak,B3,feasible_rate_overall,3,0.9266666666666667,0.028867513459481253,0.91,0.91,0.96
peak,B3,SLA_pass_rate,3,0.8233333333333333,0.05507570547286102,0.82,0.77,0.88
peak,B3,avg_response_time_min,3,8.485796584806089,0.7059486435951696,8.138938093783123,8.020375004382585,9.298076656252556
peak,B3,P95_response_P1,3,14.451380742019012,3.1871092609555434,14.306783550348715,11.33903113430178,17.708327541406536
peak,B3,time_to_compatible_hospital,3,35.83480463466173,1.315825683015132,35.55367625795857,34.68226312163332,37.26847452439329
peak,B3,unserved_count,3,7.333333333333333,2.8867513459481287,9.0,4.0,9.0
peak,B3,SOC_violation_count,3,0.0,0.0,0.0,0.0,0.0
peak,B3,hospital_capacity_violations,3,0.0,0.0,0.0,0.0,0.0
peak,B3,hospital_capability_violations,3,0.0,0.0,0.0,0.0,0.0
peak,B3,avg_solver_time_sec,3,0.0,0.0,0.0,0.0,0.0
peak,B4,served_rate,3,0.93,0.03464101615137751,0.91,0.91,0.97
peak,B4,feasible_rate_overall,3,0.93,0.03464101615137751,0.91,0.91,0.97
peak,B4,SLA_pass_rate,3,0.8266666666666667,0.06506407098647712,0.83,0.76,0.89
peak,B4,avg_response_time_min,3,8.502459272435827,0.7060418390736295,8.22966719479679,7.973510708582785,9.304199913927905
peak,B4,P95_response_P1,3,14.451380742019012,3.1871092609555434,14.306783550348715,11.33903113430178,17.708327541406536
peak,B4,time_to_compatible_hospital,3,35.8492138447528,1.3299831151760593,35.63156284418231,34.64148090800747,37.27459778206864
peak,B4,unserved_count,3,7.0,3.4641016151377544,9.0,3.0,9.0
peak,B4,SOC_violation_count,3,0.0,0.0,0.0,0.0,0.0
peak,B4,hospital_capacity_violations,3,0.0,0.0,0.0,0.0,0.0
peak,B4,hospital_capability_violations,3,0.0,0.0,0.0,0.0,0.0
peak,B4,avg_solver_time_sec,3,0.0,0.0,0.0,0.0,0.0
peak,B6,served_rate,3,0.92,0.03605551275463986,0.91,0.89,0.96
peak,B6,feasible_rate_overall,3,0.92,0.03605551275463986,0.91,0.89,0.96
peak,B6,SLA_pass_rate,3,0.8033333333333333,0.025166114784235794,0.8,0.78,0.83
peak,B6,avg_response_time_min,3,8.811766454977422,0.6727894607588172,8.692177855905596,8.206790430463613,9.536331078563052
peak,B6,P95_response_P1,3,14.983944648629489,2.9630591297551243,16.31809076147923,11.58836283858092,17.045380345828313
peak,B6,time_to_compatible_hospital,3,35.871468129366,1.3841668157320806,35.131099869449216,35.01494573225497,37.46835878639382
peak,B6,unserved_count,3,8.0,3.605551275463989,9.0,4.0,11.0
peak,B6,SOC_violation_count,3,0.0,0.0,0.0,0.0,0.0
peak,B6,hospital_capacity_violations,3,0.0,0.0,0.0,0.0,0.0
peak,B6,hospital_capability_violations,3,0.0,0.0,0.0,0.0,0.0
peak,B6,avg_solver_time_sec,3,0.0014990862433356667,9.47043645069531e-05,0.0015001750700059,0.0014038421599957,0.0015932415000054
peak,B6,max_mip_gap,3,0.0,0.0,0.0,0.0,0.0
