scenario_id,policy_id,violation_type,mean,std,median,sum
high_demand,B0,SOC_violation_count,0.0,0.0,0.0,0
high_demand,B0,hospital_capability_violations,44.333333333333336,4.163331998932266,43.0,133
high_demand,B0,hospital_capacity_violations,54.666666666666664,2.0816659994661335,54.0,164
high_demand,B3,SOC_violation_count,0.0,0.0,0.0,0
high_demand,B3,hospital_capability_violations,0.0,0.0,0.0,0
high_demand,B3,hospital_capacity_violations,0.0,0.0,0.0,0
high_demand,B4,SOC_violation_count,0.0,0.0,0.0,0
high_demand,B4,hospital_capability_violations,0.0,0.0,0.0,0
high_demand,B4,hospital_capacity_violations,0.0,0.0,0.0,0
high_demand,B6,SOC_violation_count,0.0,0.0,0.0,0
high_demand,B6,hospital_capability_violations,0.0,0.0,0.0,0
high_demand,B6,hospital_capacity_violations,0.0,0.0,0.0,0
normal,B0,SOC_violation_count,0.0,0.0,0.0,0
normal,B0,hospital_capability_violations,46.333333333333336,4.72581562625261,48.0,139
normal,B0,hospital_capacity_violations,14.0,4.0,14.0,42
normal,B3,SOC_violation_count,0.0,0.0,0.0,0
normal,B3,hospital_capability_violations,0.0,0.0,0.0,0
normal,B3,hospital_capacity_violations,0.0,0.0,0.0,0
normal,B4,SOC_violation_count,0.0,0.0,0.0,0
normal,B4,hospital_capability_violations,0.0,0.0,0.0,0
normal,B4,hospital_capacity_violations,0.0,0.0,0.0,0
normal,B6,SOC_violation_count,0.0,0.0,0.0,0
normal,B6,hospital_capability_violations,0.0,0.0,0.0,0
normal,B6,hospital_capacity_violations,0.0,0.0,0.0,0
peak,B0,SOC_violation_count,0.0,0.0,0.0,0
peak,B0,hospital_capability_violations,48.333333333333336,3.214550253664317,47.0,145
peak,B0,hospital_capacity_violations,32.0,3.605551275463989,31.0,96
peak,B3,SOC_violation_count,0.0,0.0,0.0,0
peak,B3,hospital_capability_violations,0.0,0.0,0.0,0
peak,B3,hospital_capacity_violations,0.0,0.0,0.0,0
peak,B4,SOC_violation_count,0.0,0.0,0.0,0
peak,B4,hospital_capability_violations,0.0,0.0,0.0,0
peak,B4,hospital_capacity_violations,0.0,0.0,0.0,0
peak,B6,SOC_violation_count,0.0,0.0,0.0,0
peak,B6,hospital_capability_violations,0.0,0.0,0.0,0
peak,B6,hospital_capacity_violations,0.0,0.0,0.0,0
