scenario_id,policy_id,served_rate,feasible_rate_overall,SLA_pass_rate,avg_response_time_min,P95_response_P1,time_to_compatible_hospital
high_demand,B0,0.98,0.25666666666666665,0.9,6.061427905372721,13.097696478377955,28.512530796306397
high_demand,B3,0.8666666666666667,0.8666666666666667,0.7633333333333333,6.93307023730723,14.467145932306579,33.36892088050259
high_demand,B4,0.8633333333333333,0.8633333333333333,0.7666666666666666,6.923001018949736,14.471932191853519,33.39072201556772
high_demand,B6,0.86,0.86,0.7433333333333333,7.277701769282536,15.319021988459241,32.80151608871284
normal,B0,0.9633333333333334,0.4466666666666667,0.9066666666666666,5.854588875590373,14.149159983104513,28.911641232573
normal,B3,0.96,0.96,0.9,6.283206234251551,13.856386825634111,30.312282052762935
normal,B4,0.96,0.96,0.8966666666666666,6.383156888373427,13.572476073863683,30.525261716386904
normal,B6,0.9566666666666667,0.9566666666666667,0.8866666666666667,6.428061446003645,14.898467301203063,30.59926127189873
peak,B0,0.9700000000000001,0.36333333333333334,0.8833333333333333,7.948511765650579,13.239918200164226,32.45742345332206
peak,B3,0.9266666666666667,0.9266666666666667,0.8233333333333333,8.485796584806089,14.451380742019012,35.83480463466173
peak,B4,0.93,0.93,0.8266666666666667,8.502459272435827,14.451380742019012,35.8492138447528
peak,B6,0.9199999999999999,0.9199999999999999,0.8033333333333333,8.811766454977422,14.983944648629489,35.871468129366
