scenario_id,replication_id,random_seed,common_random_group,policy_id
normal,R001,20260929,normal_R001,B0
normal,R001,20260929,normal_R001,B3
normal,R001,20260929,normal_R001,B4
normal,R001,20260929,normal_R001,B6
peak,R001,20270929,peak_R001,B0
peak,R001,20270929,peak_R001,B3
peak,R001,20270929,peak_R001,B4
peak,R001,20270929,peak_R001,B6
high_demand,R001,20280929,high_demand_R001,B0
high_demand,R001,20280929,high_demand_R001,B3
high_demand,R001,20280929,high_demand_R001,B4
high_demand,R001,20280929,high_demand_R001,B6
