scenario_id,comparison,metric,n_pairs,mean_oriented_improvement,median_oriented_improvement,bootstrap95_low,bootstrap95_high,paired_effect_size_dz,positive_means
high_demand,B6-B0,P95_response_P1,3,-2.2213255100812845,-3.275220706447419,-4.508625634006867,1.1198698102104316,-0.7508158864569772,B6 better
high_demand,B6-B0,SLA_pass_rate,3,-0.15666666666666665,-0.13,-0.21999999999999997,-0.12,-2.8445694035433715,B6 better
high_demand,B6-B0,SOC_violation_count,3,0.0,0.0,0.0,0.0,,B6 better
high_demand,B6-B0,avg_response_time_min,3,-1.2162738639098147,-1.0709159789986726,-1.946263079971498,-0.6316425327592734,-1.8173524265670609,B6 better
high_demand,B6-B0,avg_solver_time_sec,3,-0.0014644463666661,-0.0014760188400032,-0.0014807870399988,-0.0014365332199963,-60.28816973110003,B6 better
high_demand,B6-B0,feasible_rate_P1,3,0.5581105743424585,0.56,0.5217391304347827,0.5925925925925926,15.737162030932888,B6 better
high_demand,B6-B0,feasible_rate_P2,3,0.6247795414462082,0.6785714285714286,0.48148148148148157,0.7142857142857144,4.983169586132344,B6 better
high_demand,B6-B0,feasible_rate_P3,3,0.5843711843711844,0.5769230769230771,0.5428571428571428,0.6333333333333334,12.788337310712452,B6 better
high_demand,B6-B0,feasible_rate_P4,3,0.6976608187134502,0.6499999999999999,0.5263157894736842,0.9166666666666666,3.4971843561942504,B6 better
high_demand,B6-B0,feasible_rate_overall,3,0.6033333333333334,0.6,0.57,0.64,17.17975972312022,B6 better
high_demand,B6-B0,hospital_capability_violations,3,44.333333333333336,43.0,41.0,49.0,10.648522228038294,B6 better
high_demand,B6-B0,hospital_capacity_violations,3,54.666666666666664,54.0,53.0,57.0,26.26101722403429,B6 better
high_demand,B6-B0,served_rate,3,-0.12,-0.13,-0.14,-0.08999999999999997,-4.535573676110722,B6 better
high_demand,B6-B0,time_to_compatible_hospital,3,-4.28898529240644,-3.95646218418873,-5.0858954606945055,-3.8245982323360828,-6.186452968534358,B6 better
high_demand,B6-B0,unserved_count,3,-12.0,-13.0,-14.0,-9.0,-4.535573676110727,B6 better
high_demand,B6-B3,P95_response_P1,3,-0.8518760561526619,-0.16519817664015157,-2.280393912808112,-0.11003607900972234,-0.6884179773564493,B6 better
high_demand,B6-B3,SLA_pass_rate,3,-0.020000000000000018,-0.010000000000000009,-0.07000000000000006,0.020000000000000018,-0.4364357804719848,B6 better
high_demand,B6-B3,SOC_violation_count,3,0.0,0.0,0.0,0.0,,B6 better
high_demand,B6-B3,avg_response_time_min,3,-0.3446315319753059,-0.40949669121627963,-0.7714229239157486,0.14702501920611066,-0.7449124515139103,B6 better
high_demand,B6-B3,avg_solver_time_sec,3,-0.0014644463666661,-0.0014760188400032,-0.0014807870399988,-0.0014365332199963,-60.28816973110003,B6 better
high_demand,B6-B3,feasible_rate_P1,3,-0.0678260869565217,-0.04347826086956519,-0.15999999999999992,0.0,-0.8198272130771286,B6 better
high_demand,B6-B3,feasible_rate_P2,3,0.03527336860670197,0.0714285714285714,-0.03703703703703698,0.07142857142857151,0.5632685553069526,B6 better
high_demand,B6-B3,feasible_rate_P3,3,-0.011111111111111108,0.0,-0.033333333333333326,0.0,-0.5773502691896256,B6 better
high_demand,B6-B3,feasible_rate_P4,3,0.027777777777777752,0.0,0.0,0.08333333333333326,0.5773502691896257,B6 better
high_demand,B6-B3,feasible_rate_overall,3,-0.006666666666666672,-0.010000000000000009,-0.030000000000000027,0.020000000000000018,-0.2649064714130087,B6 better
high_demand,B6-B3,hospital_capability_violations,3,0.0,0.0,0.0,0.0,,B6 better
high_demand,B6-B3,hospital_capacity_violations,3,0.0,0.0,0.0,0.0,,B6 better
high_demand,B6-B3,served_rate,3,-0.006666666666666672,-0.010000000000000009,-0.030000000000000027,0.020000000000000018,-0.2649064714130087,B6 better
high_demand,B6-B3,time_to_compatible_hospital,3,0.567404791789753,0.22898959405544872,0.03784739144172988,1.4353773898720803,0.7488144273463324,B6 better
high_demand,B6-B3,unserved_count,3,-0.6666666666666666,-1.0,-3.0,2.0,-0.2649064714130087,B6 better
high_demand,B6-B4,P95_response_P1,3,-0.8470897966057223,-0.16519817664015157,-2.280393912808112,-0.09567730036890332,-0.6821662805548393,B6 better
high_demand,B6-B4,SLA_pass_rate,3,-0.023333333333333355,-0.010000000000000009,-0.08000000000000007,0.020000000000000018,-0.45469886172314167,B6 better
high_demand,B6-B4,SOC_violation_count,3,0.0,0.0,0.0,0.0,,B6 better
high_demand,B6-B4,avg_response_time_min,3,-0.3547007503327997,-0.40949669121627963,-0.872455009130336,0.2178494493482166,-0.6481941356451378,B6 better
high_demand,B6-B4,avg_solver_time_sec,3,-0.0014644463666661,-0.0014760188400032,-0.0014807870399988,-0.0014365332199963,-60.28816973110003,B6 better
high_demand,B6-B4,feasible_rate_P1,3,-0.054492753623188395,-0.04347826086956519,-0.12,0.0,-0.8969481982201918,B6 better
high_demand,B6-B4,feasible_rate_P2,3,0.03527336860670197,0.0714285714285714,-0.03703703703703698,0.07142857142857151,0.5632685553069526,B6 better
high_demand,B6-B4,feasible_rate_P3,3,-0.011111111111111108,0.0,-0.033333333333333326,0.0,-0.5773502691896256,B6 better
high_demand,B6-B4,feasible_rate_P4,3,0.027777777777777752,0.0,0.0,0.08333333333333326,0.5773502691896257,B6 better
high_demand,B6-B4,feasible_rate_overall,3,-0.003333333333333336,0.0,-0.030000000000000027,0.020000000000000018,-0.13245323570650436,B6 better
high_demand,B6-B4,hospital_capability_violations,3,0.0,0.0,0.0,0.0,,B6 better
high_demand,B6-B4,hospital_capacity_violations,3,0.0,0.0,0.0,0.0,,B6 better
high_demand,B6-B4,served_rate,3,-0.003333333333333336,0.0,-0.030000000000000027,0.020000000000000018,-0.13245323570650436,B6 better
high_demand,B6-B4,time_to_compatible_hospital,3,0.5892059268548783,0.22898959405544872,-0.044786269419354596,1.5834144559285406,0.6758316462987998,B6 better
high_demand,B6-B4,unserved_count,3,-0.3333333333333333,0.0,-3.0,2.0,-0.13245323570650436,B6 better
normal,B6-B0,P95_response_P1,3,-0.7493073180985496,-0.5818454903070638,-2.199915045745742,0.5338385817571574,-0.5451295982863313,B6 better
normal,B6-B0,SLA_pass_rate,3,-0.01999999999999998,-0.020000000000000018,-0.039999999999999925,0.0,-1.0000000000000009,B6 better
normal,B6-B0,SOC_violation_count,3,0.0,0.0,0.0,0.0,,B6 better
normal,B6-B0,avg_response_time_min,3,-0.5734725704132716,-0.486972865105038,-0.8234831175155426,-0.4099617286192343,-2.6077272602859614,B6 better
normal,B6-B0,avg_solver_time_sec,3,-0.0028334480699954995,-0.001632207069997,-0.0052475233999894,-0.0016206137400001,-1.3552897025014843,B6 better
normal,B6-B0,feasible_rate_P1,3,0.5712719298245614,0.5263157894736843,0.5,0.6875,5.627583864472769,B6 better
normal,B6-B0,feasible_rate_P2,3,0.5602150537634408,0.5806451612903225,0.5,0.6,10.562498707977268,B6 better
normal,B6-B0,feasible_rate_P3,3,0.4526971139874367,0.4838709677419355,0.29729729729729737,0.576923076923077,3.179151459380793,B6 better
normal,B6-B0,feasible_rate_P4,3,0.5009775171065494,0.5,0.4545454545454546,0.5483870967741936,10.675345950955327,B6 better
normal,B6-B0,feasible_rate_overall,3,0.51,0.54,0.43999999999999995,0.55,8.384348352573214,B6 better
normal,B6-B0,hospital_capability_violations,3,46.333333333333336,48.0,41.0,50.0,9.804304060434516,B6 better
normal,B6-B0,hospital_capacity_violations,3,14.0,14.0,10.0,18.0,3.5,B6 better
normal,B6-B0,served_rate,3,-0.006666666666666672,-0.010000000000000009,-0.020000000000000018,0.010000000000000009,-0.4364357804719847,B6 better
normal,B6-B0,time_to_compatible_hospital,3,-1.6876200393257352,-1.9711413852240902,-1.975883693084576,-1.1158350396685393,-3.4080527266853107,B6 better
normal,B6-B0,unserved_count,3,-0.6666666666666666,-1.0,-2.0,1.0,-0.4364357804719848,B6 better
normal,B6-B3,P95_response_P1,3,-1.0420804755689517,0.0,-3.5691645215595127,0.4429230948526577,-0.4737385006305038,B6 better
normal,B6-B3,SLA_pass_rate,3,-0.013333333333333308,-0.010000000000000009,-0.019999999999999907,-0.010000000000000009,-2.309401076758522,B6 better
normal,B6-B3,SOC_violation_count,3,0.0,0.0,0.0,0.0,,B6 better
normal,B6-B3,avg_response_time_min,3,-0.14485521175209412,-0.01881968738423989,-0.4360977679069862,0.020351820034943735,-0.5725892849846476,B6 better
normal,B6-B3,avg_solver_time_sec,3,-0.0028334480699954995,-0.001632207069997,-0.0052475233999894,-0.0016206137400001,-1.3552897025014843,B6 better
normal,B6-B3,feasible_rate_P1,3,0.0,0.0,0.0,0.0,,B6 better
normal,B6-B3,feasible_rate_P2,3,-0.021505376344086075,0.0,-0.06451612903225823,0.0,-0.5773502691896257,B6 better
normal,B6-B3,feasible_rate_P3,3,0.012820512820512775,0.0,0.0,0.038461538461538325,0.5773502691896257,B6 better
normal,B6-B3,feasible_rate_P4,3,0.0,0.0,0.0,0.0,,B6 better
normal,B6-B3,feasible_rate_overall,3,-0.0033333333333332993,0.0,-0.009999999999999898,0.0,-0.5773502691896258,B6 better
normal,B6-B3,hospital_capability_violations,3,0.0,0.0,0.0,0.0,,B6 better
normal,B6-B3,hospital_capacity_violations,3,0.0,0.0,0.0,0.0,,B6 better
normal,B6-B3,served_rate,3,-0.0033333333333332993,0.0,-0.009999999999999898,0.0,-0.5773502691896258,B6 better
normal,B6-B3,time_to_compatible_hospital,3,-0.28697921913579566,-0.424096392466474,-0.5558964218306279,0.11905515688971491,-0.8021602943062486,B6 better
normal,B6-B3,unserved_count,3,-0.3333333333333333,0.0,-1.0,0.0,-0.5773502691896256,B6 better
normal,B6-B4,P95_response_P1,3,-1.3259912273393777,-0.851732255311278,-3.5691645215595127,0.4429230948526577,-0.6475648188854446,B6 better
normal,B6-B4,SLA_pass_rate,3,-0.009999999999999972,-0.010000000000000009,-0.019999999999999907,0.0,-1.000000000000002,B6 better
normal,B6-B4,SOC_violation_count,3,0.0,0.0,0.0,0.0,,B6 better
normal,B6-B4,avg_response_time_min,3,-0.044904557630218576,-0.01881968738423989,-0.445605965780703,0.32971198027428716,-0.11563903194754185,B6 better
normal,B6-B4,avg_solver_time_sec,3,-0.0028334480699954995,-0.001632207069997,-0.0052475233999894,-0.0016206137400001,-1.3552897025014843,B6 better
normal,B6-B4,feasible_rate_P1,3,0.017543859649122823,0.0,0.0,0.052631578947368474,0.5773502691896257,B6 better
normal,B6-B4,feasible_rate_P2,3,-0.021505376344086075,0.0,-0.06451612903225823,0.0,-0.5773502691896257,B6 better
normal,B6-B4,feasible_rate_P3,3,0.012820512820512775,0.0,0.0,0.038461538461538325,0.5773502691896257,B6 better
normal,B6-B4,feasible_rate_P4,3,-0.013888888888888876,0.0,-0.04166666666666663,0.0,-0.5773502691896257,B6 better
normal,B6-B4,feasible_rate_overall,3,-0.0033333333333332993,0.0,-0.009999999999999898,0.0,-0.5773502691896258,B6 better
normal,B6-B4,hospital_capability_violations,3,0.0,0.0,0.0,0.0,,B6 better
normal,B6-B4,hospital_capacity_violations,3,0.0,0.0,0.0,0.0,,B6 better
normal,B6-B4,served_rate,3,-0.0033333333333332993,0.0,-0.009999999999999898,0.0,-0.5773502691896258,B6 better
normal,B6-B4,time_to_compatible_hospital,3,-0.07399955551183268,0.11905515688971491,-0.5654046197043492,0.22435079627913623,-0.17256816761654473,B6 better
normal,B6-B4,unserved_count,3,-0.3333333333333333,0.0,-1.0,0.0,-0.5773502691896256,B6 better
peak,B6-B0,P95_response_P1,3,-1.744026448465262,-1.358077824889822,-3.0795040936998,-0.7944974268061635,-1.4650868572001816,B6 better
peak,B6-B0,SLA_pass_rate,3,-0.07999999999999996,-0.06999999999999995,-0.12,-0.04999999999999993,-2.2188007849009135,B6 better
peak,B6-B0,SOC_violation_count,3,0.0,0.0,0.0,0.0,,B6 better
peak,B6-B0,avg_response_time_min,3,-0.8632546893268419,-0.9628984740024746,-0.9975974070274081,-0.6292681869506431,-4.244548812304238,B6 better
peak,B6-B0,avg_solver_time_sec,3,-0.0014990862433356667,-0.0015001750700059,-0.0015932415000053997,-0.0014038421599957003,-15.829114646829241,B6 better
peak,B6-B0,feasible_rate_P1,3,0.5325814536340853,0.5263157894736843,0.5,0.5714285714285715,14.743086654139143,B6 better
peak,B6-B0,feasible_rate_P2,3,0.5655513468013469,0.5555555555555556,0.48484848484848503,0.65625,6.565730628706789,B6 better
peak,B6-B0,feasible_rate_P3,3,0.5469276094276094,0.5625,0.47222222222222227,0.606060606060606,8.011879904996805,B6 better
peak,B6-B0,feasible_rate_P4,3,0.6092307692307694,0.6153846153846155,0.52,0.6923076923076925,7.057937757415233,B6 better
peak,B6-B0,feasible_rate_overall,3,0.5566666666666668,0.5599999999999999,0.54,0.5700000000000001,36.44238766941073,B6 better
peak,B6-B0,hospital_capability_violations,3,48.333333333333336,47.0,46.0,52.0,15.035799573591168,B6 better
peak,B6-B0,hospital_capacity_violations,3,32.0,31.0,29.0,36.0,8.875203139603666,B6 better
peak,B6-B0,served_rate,3,-0.05000000000000001,-0.040000000000000036,-0.07999999999999996,-0.030000000000000027,-1.8898223650461394,B6 better
peak,B6-B0,time_to_compatible_hospital,3,-3.4140446760439445,-2.457217700555347,-5.641715945573932,-2.1432003820025542,-1.763818707630312,B6 better
peak,B6-B0,unserved_count,3,-5.0,-4.0,-8.0,-3.0,-1.889822365046136,B6 better
peak,B6-B3,P95_response_P1,3,-0.532563906610477,-0.24933170427913964,-2.0113072111305144,0.6629471955782229,-0.3917526926971863,B6 better
peak,B6-B3,SLA_pass_rate,3,-0.01999999999999998,-0.019999999999999907,-0.050000000000000044,0.010000000000000009,-0.6666666666666654,B6 better
peak,B6-B3,SOC_violation_count,3,0.0,0.0,0.0,0.0,,B6 better
peak,B6-B3,avg_response_time_min,3,-0.32596987017133233,-0.23825442231049543,-0.5532397621224732,-0.18641542608102846,-1.641993218594723,B6 better
peak,B6-B3,avg_solver_time_sec,3,-0.0014990862433356667,-0.0015001750700059,-0.0015932415000053997,-0.0014038421599957003,-15.829114646829241,B6 better
peak,B6-B3,feasible_rate_P1,3,0.015873015873015855,0.0,0.0,0.04761904761904756,0.5773502691896258,B6 better
peak,B6-B3,feasible_rate_P2,3,-0.03317901234567907,-0.0370370370370372,-0.0625,0.0,-1.0557115247015094,B6 better
peak,B6-B3,feasible_rate_P3,3,0.0011574074074074032,0.0,-0.02777777777777779,0.03125,0.039193090083480875,B6 better
peak,B6-B3,feasible_rate_P4,3,1.1102230246251565e-16,0.0,-0.07692307692307676,0.0769230769230771,1.4432899320127035e-15,B6 better
peak,B6-B3,feasible_rate_overall,3,-0.006666666666666672,0.0,-0.020000000000000018,0.0,-0.5773502691896257,B6 better
peak,B6-B3,hospital_capability_violations,3,0.0,0.0,0.0,0.0,,B6 better
peak,B6-B3,hospital_capacity_violations,3,0.0,0.0,0.0,0.0,,B6 better
peak,B6-B3,served_rate,3,-0.006666666666666672,0.0,-0.020000000000000018,0.0,-0.5773502691896257,B6 better
peak,B6-B3,time_to_compatible_hospital,3,-0.036663494704275955,-0.19988426200053055,-0.44883674781589633,0.538730525703599,-0.07138286217740486,B6 better
peak,B6-B3,unserved_count,3,-0.6666666666666666,0.0,-2.0,0.0,-0.5773502691896256,B6 better
peak,B6-B4,P95_response_P1,3,-0.532563906610477,-0.24933170427913964,-2.0113072111305144,0.6629471955782229,-0.3917526926971863,B6 better
peak,B6-B4,SLA_pass_rate,3,-0.023333333333333317,-0.029999999999999916,-0.06000000000000005,0.020000000000000018,-0.577350269189625,B6 better
peak,B6-B4,SOC_violation_count,3,0.0,0.0,0.0,0.0,,B6 better
peak,B6-B4,avg_response_time_min,3,-0.30930718254159384,-0.23327972188082757,-0.4625106611088068,-0.23213116463514716,-2.3312383503037095,B6 better
peak,B6-B4,avg_solver_time_sec,3,-0.0014990862433356667,-0.0015001750700059,-0.0015932415000053997,-0.0014038421599957003,-15.829114646829241,B6 better
peak,B6-B4,feasible_rate_P1,3,0.015873015873015855,0.0,0.0,0.04761904761904756,0.5773502691896258,B6 better
peak,B6-B4,feasible_rate_P2,3,-0.0227623456790124,-0.03125,-0.0370370370370372,0.0,-1.1424586856945567,B6 better
peak,B6-B4,feasible_rate_P3,3,-0.018202861952861953,-0.030303030303030387,-0.05555555555555547,0.03125,-0.4076799859992053,B6 better
peak,B6-B4,feasible_rate_P4,3,1.1102230246251565e-16,0.0,-0.07692307692307676,0.0769230769230771,1.4432899320127035e-15,B6 better
peak,B6-B4,feasible_rate_overall,3,-0.010000000000000009,-0.010000000000000009,-0.020000000000000018,0.0,-1.0,B6 better
peak,B6-B4,hospital_capability_violations,3,0.0,0.0,0.0,0.0,,B6 better
peak,B6-B4,hospital_capacity_violations,3,0.0,0.0,0.0,0.0,,B6 better
peak,B6-B4,served_rate,3,-0.010000000000000009,-0.010000000000000009,-0.020000000000000018,0.0,-1.0,B6 better
peak,B6-B4,time_to_compatible_hospital,3,-0.02225428461319486,-0.19376100432518228,-0.48961896144174233,0.61661711192734,-0.038857638106788585,B6 better
peak,B6-B4,unserved_count,3,-1.0,-1.0,-2.0,0.0,-1.0,B6 better
