scenario_id,replication_id,policy_id,random_seed,common_random_group,incident_count,served_count,unserved_count,served_rate,feasible_rate_overall,SLA_pass_rate,SOC_violation_count,hospital_capacity_violations,hospital_capability_violations,assignments_to_charging,avg_response_time_min,P95_response_P1,time_to_compatible_hospital,charged_after_mission_count,avg_solver_time_sec,max_mip_gap,b6_epsilon_relaxation_count,routing_source,feasible_rate_P1,feasible_rate_P2,feasible_rate_P3,feasible_rate_P4
normal,R001,B0,20260929,normal_R001,100,92,8,0.92,0.38,0.83,0,18,48,0,6.366956894918101,15.060498172122948,29.627725454168452,2,0.0,,0,haversine_smoke_test,0.3684210526315789,0.3225806451612903,0.38461538461538464,0.4583333333333333
normal,R001,B3,20260929,normal_R001,100,94,6,0.94,0.94,0.84,0,0,0,0,6.874281580058082,15.642343662430012,31.17951275478655,3,0.0,,0,haversine_smoke_test,0.8947368421052632,0.967741935483871,0.9230769230769231,0.9583333333333334
normal,R001,B4,20260929,normal_R001,100,94,6,0.94,0.94,0.83,0,0,0,0,7.183641740297426,14.790611407118734,31.82795994353216,3,0.0,,0,haversine_smoke_test,0.8421052631578947,0.967741935483871,0.9230769230769231,1.0
normal,R001,B6,20260929,normal_R001,100,93,7,0.93,0.93,0.83,0,0,0,0,6.853929760023139,15.642343662430012,31.603609147253025,3,0.005247523399989404,0.0,0,haversine_smoke_test,0.8947368421052632,0.9032258064516129,0.9615384615384616,0.9583333333333334
normal,R002,B0,20260930,normal_R002,100,99,1,0.99,0.44,0.93,0,10,50,0,5.814992211807124,15.864858372968797,28.782867218703817,3,0.0,,0,haversine_smoke_test,0.3125,0.5,0.4838709677419355,0.41935483870967744
normal,R002,B3,20260930,normal_R002,100,98,2,0.98,0.98,0.92,0,0,0,0,6.20237756141568,15.773942886064297,30.198112182097276,3,0.0,,0,haversine_smoke_test,1.0,1.0,0.967741935483871,0.967741935483871
normal,R002,B4,20260930,normal_R002,100,98,2,0.98,0.98,0.92,0,0,0,0,6.192869363541964,15.773942886064297,30.188603984223562,2,0.0,,0,haversine_smoke_test,1.0,1.0,0.967741935483871,0.967741935483871
normal,R002,B6,20260930,normal_R002,100,98,2,0.98,0.98,0.91,0,0,0,0,6.638475329322667,15.331019791211638,30.754008603927907,2,0.0016322070699970937,0.0,0,haversine_smoke_test,1.0,1.0,0.967741935483871,0.967741935483871
normal,R003,B0,20260931,normal_R003,100,98,2,0.98,0.52,0.96,0,14,41,0,5.381817520045895,11.522123404221794,28.324331024846728,1,0.0,,0,haversine_smoke_test,0.4375,0.36,0.6486486486486487,0.5454545454545454
normal,R003,B3,20260931,normal_R003,100,96,4,0.96,0.96,0.94,0,0,0,0,5.7729595612808895,10.152873928408024,29.559221221404982,0,0.0,,0,haversine_smoke_test,0.9375,0.96,0.9459459459459459,1.0
normal,R003,B4,20260931,normal_R003,100,96,4,0.96,0.96,0.94,0,0,0,0,5.7729595612808895,10.152873928408024,29.559221221404982,0,0.0,,0,haversine_smoke_test,0.9375,0.96,0.9459459459459459,1.0
normal,R003,B6,20260931,normal_R003,100,96,4,0.96,0.96,0.92,0,0,0,0,5.791779248665129,13.722038449967537,29.440166064515267,1,0.0016206137400001808,0.0,0,haversine_smoke_test,0.9375,0.96,0.9459459459459459,1.0
peak,R001,B0,20270929,peak_R001,100,99,1,0.99,0.4,0.95,0,31,47,0,7.729279381903122,10.793865411774757,32.557728031699625,5,0.0,,0,haversine_smoke_test,0.42857142857142855,0.45454545454545453,0.36363636363636365,0.3076923076923077
peak,R001,B3,20270929,peak_R001,100,96,4,0.96,0.96,0.88,0,0,0,0,8.138938093783123,11.33903113430178,35.55367625795857,6,0.0,,0,haversine_smoke_test,0.9523809523809523,0.9393939393939394,0.9696969696969697,1.0
peak,R001,B4,20270929,peak_R001,100,97,3,0.97,0.97,0.89,0,0,0,0,8.22966719479679,11.33903113430178,35.63156284418231,6,0.0,,0,haversine_smoke_test,0.9523809523809523,0.9393939393939394,1.0,1.0
peak,R001,B6,20270929,peak_R001,100,96,4,0.96,0.96,0.83,0,0,0,0,8.692177855905596,11.588362838580919,35.01494573225497,6,0.0015932415000054333,0.0,0,haversine_smoke_test,1.0,0.9393939393939394,0.9696969696969697,0.9230769230769231
peak,R002,B0,20270930,peak_R002,100,99,1,0.99,0.37,0.85,0,36,46,0,8.538733671535644,15.687302520938491,35.32515840439127,3,0.0,,0,haversine_smoke_test,0.375,0.3333333333333333,0.375,0.4
peak,R002,B3,20270930,peak_R002,100,91,9,0.91,0.91,0.77,0,0,0,0,9.298076656252556,17.708327541406536,37.26847452439329,3,0.0,,0,haversine_smoke_test,0.875,0.9259259259259259,0.90625,0.92
peak,R002,B4,20270930,peak_R002,100,91,9,0.91,0.91,0.76,0,0,0,0,9.304199913927903,17.708327541406536,37.27459778206864,3,0.0,,0,haversine_smoke_test,0.875,0.9259259259259259,0.90625,0.92
peak,R002,B6,20270930,peak_R002,100,91,9,0.91,0.91,0.78,0,0,0,0,9.536331078563052,17.045380345828313,37.46835878639382,3,0.0015001750700059803,0.0,0,haversine_smoke_test,0.875,0.8888888888888888,0.9375,0.92
peak,R003,B0,20270931,peak_R003,100,93,7,0.93,0.32,0.85,0,29,52,0,7.57752224351297,13.23858666777943,29.489383923875284,4,0.0,,0,haversine_smoke_test,0.47368421052631576,0.21875,0.3611111111111111,0.23076923076923078
peak,R003,B3,20270931,peak_R003,100,91,9,0.91,0.91,0.82,0,0,0,0,8.020375004382585,14.306783550348717,34.68226312163332,4,0.0,,0,haversine_smoke_test,1.0,0.9375,0.8611111111111112,0.8461538461538461
peak,R003,B4,20270931,peak_R003,100,91,9,0.91,0.91,0.83,0,0,0,0,7.973510708582785,14.306783550348717,34.64148090800747,3,0.0,,0,haversine_smoke_test,1.0,0.90625,0.8888888888888888,0.8461538461538461
peak,R003,B6,20270931,peak_R003,100,89,11,0.89,0.89,0.8,0,0,0,0,8.206790430463613,16.31809076147923,35.131099869449216,3,0.0014038421599957473,0.0,0,haversine_smoke_test,1.0,0.875,0.8333333333333334,0.9230769230769231
high_demand,R001,B0,20280929,high_demand_R001,100,98,2,0.98,0.25,0.86,0,54,43,0,6.438397689216482,15.4216615521139,29.347726145468354,2,0.0,,0,haversine_smoke_test,0.2222222222222222,0.14285714285714285,0.34615384615384615,0.3157894736842105
high_demand,R001,B3,20280929,high_demand_R001,100,83,17,0.83,0.83,0.75,0,0,0,0,6.660543530759476,14.136593565263315,33.533177923712536,2,0.0,,0,haversine_smoke_test,0.8148148148148148,0.75,0.9230769230769231,0.8421052631578947
high_demand,R001,B4,20280929,high_demand_R001,100,83,17,0.83,0.83,0.75,0,0,0,0,6.660543530759476,14.136593565263315,33.533177923712536,2,0.0,,0,haversine_smoke_test,0.8148148148148148,0.75,0.9230769230769231,0.8421052631578947
high_demand,R001,B6,20280929,high_demand_R001,100,85,15,0.85,0.85,0.74,0,0,0,0,7.070040221975756,14.301791741903468,33.30418832965709,2,0.0014807870399988587,0.0,0,haversine_smoke_test,0.8148148148148148,0.8214285714285714,0.9230769230769231,0.8421052631578947
high_demand,R002,B0,20280930,high_demand_R002,100,99,1,0.99,0.28,0.95,0,53,49,0,5.6807424505970845,12.203946031903174,27.56157239715974,5,0.0,,0,haversine_smoke_test,0.30434782608695654,0.37037037037037035,0.23333333333333334,0.2
high_demand,R002,B3,20280930,high_demand_R002,100,88,12,0.88,0.88,0.8,0,0,0,0,6.855582606652834,14.432177753101927,32.685315249295975,5,0.0,,0,haversine_smoke_test,0.8695652173913043,0.8888888888888888,0.9,0.85
high_demand,R002,B4,20280930,high_demand_R002,100,88,12,0.88,0.88,0.81,0,0,0,0,6.754550521438246,14.432177753101927,32.60268158843489,5,0.0,,0,haversine_smoke_test,0.8695652173913043,0.8888888888888888,0.9,0.85
high_demand,R002,B6,20280930,high_demand_R002,100,85,15,0.85,0.85,0.73,0,0,0,0,7.627005530568582,16.71257166591004,32.647467857854245,5,0.0014760188400032349,0.0,0,haversine_smoke_test,0.8260869565217391,0.8518518518518519,0.8666666666666667,0.85
high_demand,R003,B0,20280931,high_demand_R003,100,97,3,0.97,0.24,0.89,0,57,41,0,6.065143576304595,11.667481851116797,28.628293846291097,6,0.0,,0,haversine_smoke_test,0.24,0.25,0.3142857142857143,0.0
high_demand,R003,B3,20280931,high_demand_R003,100,89,11,0.89,0.89,0.74,0,0,0,0,7.283084574509378,14.832666478554493,33.88826946849926,6,0.0,,0,haversine_smoke_test,0.96,0.8928571428571429,0.8571428571428571,0.8333333333333334
high_demand,R003,B4,20280931,high_demand_R003,100,88,12,0.88,0.88,0.74,0,0,0,0,7.353909004651484,14.84702525719531,34.03630653455572,7,0.0,,0,haversine_smoke_test,0.92,0.8928571428571429,0.8571428571428571,0.8333333333333334
high_demand,R003,B6,20280931,high_demand_R003,100,88,12,0.88,0.88,0.76,0,0,0,0,7.136059555303268,14.942702557564214,32.45289207862718,7,0.0014365332199963632,0.0,0,haversine_smoke_test,0.8,0.9642857142857143,0.8571428571428571,0.9166666666666666
