relative_path,size_bytes,sha256
data/data_dictionary.csv,13297,e46085e8336c45de27cbd908737977633351f32859829bf2dfe516387f2b7edd
data/parameter_registry.csv,664,f2cd918781e7cb2c0a14002323d57f12a8558965bf5820f2d7b298543eae5aaf
data/sample/candidate_index.csv.gz,2738398,9541fb34845e60ea741e99c9c994295585c234a67b40a9c235d17a1d9e3ce209
data/sample/candidate_reference_example_high_demand.csv.gz,242335,158d077745da87a677ca1699abe9e375e3b1db63eec513b7cf9442f73df56706
data/sample/candidate_reference_example_normal.csv.gz,236291,a2d8ad93c8e6f08c5824beb02d130be9c9dc809252ff69c214f2f494d2d05eb7
data/sample/candidate_reference_example_peak.csv.gz,244138,216e7386ad9971846ed0be5af4b5d3371914893883dc5c0493163c6eab2a273c
data/sample/charging_stations.csv,332,d80c6246dea031e97a434a1c7bb963a114296fe3c7dd3e94ec474b7000c0d9cb
data/sample/eambulance_sample.sqlite,1015808,c80d1e497c57f99744cee386d52e51d9d937f639838662b2956f7e12c2318c49
data/sample/fleet_initial.csv.gz,24169,443ca28fc8102b3c156574caea33f1b98b0300f93c976d18f49dd7478be6d8ff
data/sample/hospital_capacity_timeseries.csv.gz,168938,9b277495555332fdd05a05036a235f02e3ec857e941145b0a0c7323686776b93
data/sample/hospitals.csv,1119,74937e62a460ac8e90444e155af147ab4f3d7798d4075d227cdf99cde2195601
data/sample/incidents.csv.gz,207116,b0c292e0c6764cc3fd577f2554e168220b63adf24a3a25f4d414107fab106c21
data/sample/replications.csv.gz,855,8deacb5535d18939b1274a7dfcbe56fbc3bd57b879c41b5a8599f8c871bc1423
data/sample/scenarios.csv.gz,250,fa76eca7bb891a562a018c7b96c1f08ecf9757c6ebf3233b0643acbb4b3cc274
deep-research-report.md,32948,1d3f9ad12aeff5c80b7ef362e28b34fc857c0cd02ede19147b38e529f56349d4
plots/pareto_candidate_example.png,51078,765f8255e63db21f9c8357b83778073b48aa34a36ad3b14b51f457834a991325
plots/sensitivity_reserve_soc.png,47066,2e4ce35b99f5d328d231d9eb3e1a06cc74e4af20d80296e6fba6ed1399c4001d
provenance/provenance_manifest.json,1161,1e8753fa1af20b3f2cfae36f23af3670183a1956a359bfd4ee9083efcddbfddb
requirements-parquet.txt,24,4f55944960bdfa285d91fd306cf72a2aee12afc52a94fc97c8aaa62ac1383a7c
requirements.txt,61,6002b88c474eef25a17cf878b4f36ae51ff28c34246e0dcca9c42cc6d3760355
results/replication_metrics_reference_QA.csv,6573,3f3096a8fdbe2223cf9939f31b9ced38b56222fb163527b4c7194043477201cd
results/sensitivity_reference_reserve_soc.csv,501,c1d133d715cc97387670fc78c59c1899d0cb921a6ce0e401d6e244d911fb26e4
scripts/run_sample.bat,172,c89548007691cc60344fc00817cf70113bbba4166f34b33268d997e6870f3487
scripts/run_sample.sh,191,fc57b649810efce40822d81f80ba69e65172a2fc2f061669cdafe43d2561ed60
src/des_state_machine.py,1862,d0295b343ab552b6e6b02c490f504a34d256c7dc8d53d313aa433a0abb730106
src/export_parquet.py,603,92b4b9d87212dd80ef129ee96e34bcc4e46021f9f1fbd46ce068c58ff5f32a26
src/generate_dataset.py,27986,4ae2b32d4438e2ad9121222c15853013e90ee3346d0cd6666b18c3a7ed1df6c2
src/validate_dataset.py,3803,da68fce96606cf3649871058e00ad5a3f4dbfae87187d3d443d8df7105f87b4e
validation/audit_results.json,1718,f5aa20c9ad56750a22f8fce7c6e0946082ab05fe67ffa302b695a73c28ca8692
validation/validation_summary.json,178,3b7fe702befe583b60968d705a88290998257984d5b1a114098654b18d634744
