section,scenario_id,category,count,share
priority_by_scenario,high_demand,P1,681,0.227
priority_by_scenario,high_demand,P2,1016,0.338667
priority_by_scenario,high_demand,P3,887,0.295667
priority_by_scenario,high_demand,P4,416,0.138667
priority_by_scenario,normal,P1,454,0.151333
priority_by_scenario,normal,P2,876,0.292
priority_by_scenario,normal,P3,1044,0.348
priority_by_scenario,normal,P4,626,0.208667
priority_by_scenario,peak,P1,546,0.182
priority_by_scenario,peak,P2,1001,0.333667
priority_by_scenario,peak,P3,956,0.318667
priority_by_scenario,peak,P4,497,0.165667
capacity_state_by_scenario,high_demand,constrained,6928,0.400926
capacity_state_by_scenario,high_demand,critical,6916,0.400231
capacity_state_by_scenario,high_demand,normal,3436,0.198843
capacity_state_by_scenario,normal,normal,13781,0.797512
capacity_state_by_scenario,normal,constrained,3499,0.202488
capacity_state_by_scenario,peak,constrained,7015,0.405961
capacity_state_by_scenario,peak,normal,6900,0.399306
capacity_state_by_scenario,peak,critical,3365,0.194734
fleet_state,ALL,available,759,0.843333
fleet_state,ALL,charging,86,0.095556
fleet_state,ALL,maintenance,55,0.061111
