scenario_id,replication_id,random_seed,feasible_rate_overall,SLA_pass_rate,avg_response_time_min,SOC_violation_count,hospital_capacity_violations,assignments_to_charging,record_role
normal,R001,20260929,0.9707,0.9715,4.939,0,0,0,STATELESS_REFERENCE_QA
normal,R002,20260930,0.9736,0.9287,4.927,0,0,0,STATELESS_REFERENCE_QA
normal,R003,20260931,0.9661,0.979,4.319,0,0,0,STATELESS_REFERENCE_QA
normal,R004,20260932,0.9517,1,4.238,0,0,0,STATELESS_REFERENCE_QA
normal,R005,20260933,0.9542,1,4.414,0,0,0,STATELESS_REFERENCE_QA
normal,R006,20260934,0.9719,0.9915,5.142,0,0,0,STATELESS_REFERENCE_QA
normal,R007,20260935,0.9879,0.972,4.92,0,0,0,STATELESS_REFERENCE_QA
normal,R008,20260936,0.9697,0.9799,5.386,0,0,0,STATELESS_REFERENCE_QA
normal,R009,20260937,0.9308,0.9646,5.33,0,0,0,STATELESS_REFERENCE_QA
normal,R010,20260938,0.965,0.9234,4.566,0,0,0,STATELESS_REFERENCE_QA
normal,R011,20260939,0.9432,1,4.26,0,0,0,STATELESS_REFERENCE_QA
normal,R012,20260940,0.9863,0.9466,4.68,0,0,0,STATELESS_REFERENCE_QA
normal,R013,20260941,0.983,0.9034,4.694,0,0,0,STATELESS_REFERENCE_QA
normal,R014,20260942,0.9762,0.9317,4.295,0,0,0,STATELESS_REFERENCE_QA
normal,R015,20260943,1,0.9632,5.257,0,0,0,STATELESS_REFERENCE_QA
normal,R016,20260944,1,0.9687,5.595,0,0,0,STATELESS_REFERENCE_QA
normal,R017,20260945,0.9304,0.9522,4.813,0,0,0,STATELESS_REFERENCE_QA
normal,R018,20260946,0.9849,0.9416,5.303,0,0,0,STATELESS_REFERENCE_QA
normal,R019,20260947,0.9772,0.9856,4.92,0,0,0,STATELESS_REFERENCE_QA
normal,R020,20260948,1,0.9522,4.531,0,0,0,STATELESS_REFERENCE_QA
normal,R021,20260949,0.925,0.9752,4.746,0,0,0,STATELESS_REFERENCE_QA
normal,R022,20260950,0.9969,0.988,4.822,0,0,0,STATELESS_REFERENCE_QA
normal,R023,20260951,0.9716,1,5.347,0,0,0,STATELESS_REFERENCE_QA
normal,R024,20260952,0.9821,1,4.89,0,0,0,STATELESS_REFERENCE_QA
normal,R025,20260953,0.9685,0.9687,4.406,0,0,0,STATELESS_REFERENCE_QA
normal,R026,20260954,0.9465,0.9964,4.83,0,0,0,STATELESS_REFERENCE_QA
normal,R027,20260955,1,1,5.362,0,0,0,STATELESS_REFERENCE_QA
normal,R028,20260956,0.9867,0.9527,5.347,0,0,0,STATELESS_REFERENCE_QA
normal,R029,20260957,0.9582,0.9444,4.587,0,0,0,STATELESS_REFERENCE_QA
normal,R030,20260958,0.977,1,4.314,0,0,0,STATELESS_REFERENCE_QA
peak,R001,20270929,0.8756,0.8393,6.025,0,0,0,STATELESS_REFERENCE_QA
peak,R002,20270930,0.8652,0.8823,5.892,0,0,0,STATELESS_REFERENCE_QA
peak,R003,20270931,0.8822,0.8824,6.245,0,0,0,STATELESS_REFERENCE_QA
peak,R004,20270932,0.9,0.881,6.068,0,0,0,STATELESS_REFERENCE_QA
peak,R005,20270933,0.9114,0.8822,5.959,0,0,0,STATELESS_REFERENCE_QA
peak,R006,20270934,0.8932,0.8432,5.641,0,0,0,STATELESS_REFERENCE_QA
peak,R007,20270935,0.9443,0.8763,6.103,0,0,0,STATELESS_REFERENCE_QA
peak,R008,20270936,0.9048,0.8551,5.822,0,0,0,STATELESS_REFERENCE_QA
peak,R009,20270937,0.9068,0.8626,5.843,0,0,0,STATELESS_REFERENCE_QA
peak,R010,20270938,0.9145,0.8818,5.033,0,0,0,STATELESS_REFERENCE_QA
peak,R011,20270939,0.9266,0.8639,5.586,0,0,0,STATELESS_REFERENCE_QA
peak,R012,20270940,0.9315,0.9049,6.507,0,0,0,STATELESS_REFERENCE_QA
peak,R013,20270941,0.8779,0.8449,5.986,0,0,0,STATELESS_REFERENCE_QA
peak,R014,20270942,0.8957,0.8571,5.616,0,0,0,STATELESS_REFERENCE_QA
peak,R015,20270943,0.9537,0.9153,5.804,0,0,0,STATELESS_REFERENCE_QA
peak,R016,20270944,0.8768,0.8717,6.156,0,0,0,STATELESS_REFERENCE_QA
peak,R017,20270945,0.8659,0.8371,5.824,0,0,0,STATELESS_REFERENCE_QA
peak,R018,20270946,0.924,0.8725,5.618,0,0,0,STATELESS_REFERENCE_QA
peak,R019,20270947,0.8807,0.8946,5.471,0,0,0,STATELESS_REFERENCE_QA
peak,R020,20270948,0.8596,0.8721,6.497,0,0,0,STATELESS_REFERENCE_QA
peak,R021,20270949,0.9068,0.8381,5.341,0,0,0,STATELESS_REFERENCE_QA
peak,R022,20270950,0.945,0.8568,5.299,0,0,0,STATELESS_REFERENCE_QA
peak,R023,20270951,0.934,0.8747,5.251,0,0,0,STATELESS_REFERENCE_QA
peak,R024,20270952,0.8513,0.8225,5.69,0,0,0,STATELESS_REFERENCE_QA
peak,R025,20270953,0.942,0.8288,5.238,0,0,0,STATELESS_REFERENCE_QA
peak,R026,20270954,0.9181,0.8733,5.775,0,0,0,STATELESS_REFERENCE_QA
peak,R027,20270955,0.9244,0.8407,6.41,0,0,0,STATELESS_REFERENCE_QA
peak,R028,20270956,0.9,0.9018,5.317,0,0,0,STATELESS_REFERENCE_QA
peak,R029,20270957,0.9114,0.9138,5.561,0,0,0,STATELESS_REFERENCE_QA
peak,R030,20270958,0.9321,0.9057,5.877,0,0,0,STATELESS_REFERENCE_QA
high_demand,R001,20280929,0.7827,0.7322,4.726,0,0,0,STATELESS_REFERENCE_QA
high_demand,R002,20280930,0.808,0.8017,5.41,0,0,0,STATELESS_REFERENCE_QA
high_demand,R003,20280931,0.7951,0.755,5.328,0,0,0,STATELESS_REFERENCE_QA
high_demand,R004,20280932,0.7638,0.7496,5.309,0,0,0,STATELESS_REFERENCE_QA
high_demand,R005,20280933,0.7876,0.7193,4.554,0,0,0,STATELESS_REFERENCE_QA
high_demand,R006,20280934,0.7648,0.7339,5.369,0,0,0,STATELESS_REFERENCE_QA
high_demand,R007,20280935,0.8184,0.7689,5.566,0,0,0,STATELESS_REFERENCE_QA
high_demand,R008,20280936,0.7505,0.7645,5.608,0,0,0,STATELESS_REFERENCE_QA
high_demand,R009,20280937,0.7454,0.7667,5.256,0,0,0,STATELESS_REFERENCE_QA
high_demand,R010,20280938,0.7839,0.7632,5.159,0,0,0,STATELESS_REFERENCE_QA
high_demand,R011,20280939,0.7646,0.738,5.244,0,0,0,STATELESS_REFERENCE_QA
high_demand,R012,20280940,0.8028,0.7466,5.488,0,0,0,STATELESS_REFERENCE_QA
high_demand,R013,20280941,0.7651,0.7405,5.034,0,0,0,STATELESS_REFERENCE_QA
high_demand,R014,20280942,0.7949,0.7203,5.42,0,0,0,STATELESS_REFERENCE_QA
high_demand,R015,20280943,0.8138,0.7467,4.959,0,0,0,STATELESS_REFERENCE_QA
high_demand,R016,20280944,0.7936,0.7767,5.445,0,0,0,STATELESS_REFERENCE_QA
high_demand,R017,20280945,0.7926,0.7429,5.208,0,0,0,STATELESS_REFERENCE_QA
high_demand,R018,20280946,0.7749,0.8133,4.55,0,0,0,STATELESS_REFERENCE_QA
high_demand,R019,20280947,0.7286,0.7831,4.811,0,0,0,STATELESS_REFERENCE_QA
high_demand,R020,20280948,0.7758,0.7591,5.052,0,0,0,STATELESS_REFERENCE_QA
high_demand,R021,20280949,0.8209,0.7546,5.694,0,0,0,STATELESS_REFERENCE_QA
high_demand,R022,20280950,0.7626,0.7549,5.512,0,0,0,STATELESS_REFERENCE_QA
high_demand,R023,20280951,0.7921,0.7575,5.015,0,0,0,STATELESS_REFERENCE_QA
high_demand,R024,20280952,0.828,0.7557,5.555,0,0,0,STATELESS_REFERENCE_QA
high_demand,R025,20280953,0.7753,0.755,4.319,0,0,0,STATELESS_REFERENCE_QA
high_demand,R026,20280954,0.8189,0.7916,5.151,0,0,0,STATELESS_REFERENCE_QA
high_demand,R027,20280955,0.7948,0.7423,5.455,0,0,0,STATELESS_REFERENCE_QA
high_demand,R028,20280956,0.7763,0.7413,5.481,0,0,0,STATELESS_REFERENCE_QA
high_demand,R029,20280957,0.8037,0.7845,5.439,0,0,0,STATELESS_REFERENCE_QA
high_demand,R030,20280958,0.8135,0.7259,5.302,0,0,0,STATELESS_REFERENCE_QA
